{
    "model_parameters": {
        "mu": 0.05000000074505806,
        "sigma": 0.05000000074505806,
        "a": 0.05000000074505806,
        "b": 0.20000000298023224,
        "r": 0.05000000074505806,
        "T": 1.0,
        "L": 0.5,
        "C": 2.0,
        "pi": "sqrt(P)"
    },
    "network_parameters": {
        "n_layers": 5,
        "layer_width": 160,
        "input_dim": 2
    },
    "training_parameters": {
        "seed": 3,
        "dtype": "float32",
        "lr_base": 0.000801644264886163,
        "lr_log_delta": 0.17238367591281367,
        "lr_schedule_f": {
            "initial_learning_rate": 0.0011922446047547511,
            "decay_steps": 950,
            "decay_rate": 0.97
        },
        "lr_schedule_g": {
            "initial_learning_rate": 0.0005390114787368392,
            "decay_steps": 450,
            "decay_rate": 0.86
        },
        "batch_size": 2816,
        "candidate_size": 100000,
        "resample_every": 300,
        "k_start": 1.3,
        "k_end": 3.0,
        "k_schedule_steps": 4500
    },
    "domain_bounds": {
        "t": [
            0.0,
            1.0
        ],
        "P": [
            0.1,
            10.0
        ],
        "Y": [
            0.0,
            4.099999904632568
        ]
    },
    "V_scale": 4.699999809265137,
    "alpha_scale": 0.3455183804035187
}